Number;x;y;Longitude;Latitude;Intensity;Temperature (C);Distance (km);1;69;524;137.8971;39.98587;559;22;0
2;69;525;137.8971;39.97591;559;22;1.1071;;;;;;;;
3;69;526;137.8971;39.96595;558;22;2.214361;;;;;;;;
4;69;527;137.8971;39.95599;558;22;3.321784;;;;;;;;
5;69;528;137.8971;39.94603;555;21;4.429368;;;;;;;;
6;69;529;137.8971;39.93607;554;21;5.537113;;;;;;;;
7;69;530;137.8971;39.92611;553;21;6.645019;;;;;;;;
8;69;531;137.8971;39.91614;556;21;7.753087;;;;;;;;
9;69;532;137.8971;39.90618;554;21;8.861316;;;;;;;;
10;69;533;137.8971;39.89621;555;21;9.969706;;;;;;;;
11;69;534;137.8971;39.88624;556;21;11.07826;;;;;;;;
12;69;535;137.8971;39.87627;557;21;12.18697;;;;;;;;
13;69;536;137.8971;39.8663;557;21;13.29584;;;;;;;;
14;68;537;137.8841;39.85632;557;21;14.44749;;;;;;;;
15;68;538;137.8841;39.84635;557;21;15.55365;;;;;;;;
16;68;539;137.8841;39.83637;557;21;16.66038;;;;;;;;
17;68;540;137.8841;39.82639;558;22;17.7676;;;;;;;;
18;68;541;137.8841;39.81641;557;21;18.87524;;;;;;;;
19;68;542;137.8841;39.80643;557;21;19.98328;;;;;;;;
20;68;543;137.8841;39.79645;557;21;21.09166;;;;;;;;
21;68;544;137.8841;39.78646;557;21;22.20037;;;;;;;;
22;68;545;137.8841;39.77648;556;21;23.30938;;;;;;;;
23;68;546;137.8841;39.76649;555;21;24.41867;;;;;;;;
24;68;547;137.8841;39.7565;554;21;25.52822;;;;;;;;
25;68;548;137.8841;39.74651;551;21;26.63802;;;;;;;;
26;68;549;137.8841;39.73652;553;21;27.74807;;;;;;;;
27;67;550;137.8711;39.72653;556;21;28.9223;;;;;;;;
28;67;551;137.8711;39.71654;557;21;30.03045;;;;;;;;
29;67;552;137.8711;39.70654;556;21;31.13898;;;;;;;;
30;67;553;137.8711;39.69654;554;21;32.24787;;;;;;;;
31;67;554;137.8711;39.68655;554;21;33.3571;;;;;;;;
32;67;555;137.8711;39.67655;553;21;34.46666;;;;;;;;
33;67;556;137.8711;39.66654;554;21;35.57653;;;;;;;;
34;67;557;137.8711;39.65654;557;21;36.68669;;;;;;;;
35;67;558;137.8711;39.64654;559;22;37.79714;;;;;;;;
36;67;559;137.8711;39.63653;559;22;38.90786;;;;;;;;
37;67;560;137.8711;39.62652;558;22;40.01885;;;;;;;;
38;67;561;137.8711;39.61652;558;22;41.13009;;;;;;;;
39;67;562;137.8711;39.60651;560;22;42.24158;;;;;;;;
40;67;563;137.8711;39.59649;559;22;43.35331;;;;;;;;
41;66;564;137.8581;39.58648;557;21;44.53461;;;;;;;;
42;66;565;137.8581;39.57647;557;21;45.64513;;;;;;;;
43;66;566;137.8581;39.56645;552;21;46.75595;;;;;;;;
44;66;567;137.8581;39.55643;549;21;47.86706;;;;;;;;
45;66;568;137.8581;39.54642;551;21;48.97846;;;;;;;;
46;66;569;137.8581;39.5364;552;21;50.09014;;;;;;;;
47;66;570;137.8581;39.52637;552;21;51.20209;;;;;;;;
48;66;571;137.8581;39.51635;544;20;52.31429;;;;;;;;
49;66;572;137.8581;39.50633;550;21;53.42676;;;;;;;;
50;66;573;137.8581;39.4963;551;21;54.53948;;;;;;;;
51;66;574;137.8581;39.48627;548;21;55.65244;;;;;;;;
52;66;575;137.8581;39.47624;538;20;56.76564;;;;;;;;
53;66;576;137.8581;39.46621;533;19;57.87908;;;;;;;;
54;65;577;137.8451;39.45618;544;20;59.06607;;;;;;;;
55;65;578;137.8451;39.44615;538;20;60.17862;;;;;;;;
56;65;579;137.8451;39.43611;536;19;61.29144;;;;;;;;
57;65;580;137.8451;39.42608;538;20;62.40453;;;;;;;;
58;65;581;137.8451;39.41604;549;21;63.51788;;;;;;;;
59;65;582;137.8451;39.406;554;21;64.63148;;;;;;;;
60;65;583;137.8451;39.39596;551;21;65.74534;;;;;;;;
61;65;584;137.8451;39.38592;557;21;66.85944;;;;;;;;
62;65;585;137.8451;39.37588;553;21;67.97379;;;;;;;;
63;65;586;137.8451;39.36583;555;21;69.08837;;;;;;;;
64;65;587;137.8451;39.35579;557;21;70.20319;;;;;;;;
65;65;588;137.8451;39.34574;558;22;71.31824;;;;;;;;
66;65;589;137.8451;39.33569;555;21;72.43352;;;;;;;;
67;65;590;137.8451;39.32564;552;21;73.54902;;;;;;;;
68;64;591;137.8321;39.31559;531;19;74.73939;;;;;;;;
69;64;592;137.8321;39.30553;529;19;75.85424;;;;;;;;
70;64;593;137.8321;39.29548;528;19;76.96935;;;;;;;;
71;64;594;137.8321;39.28542;529;19;78.0847;;;;;;;;
72;64;595;137.8321;39.27536;533;19;79.20029;;;;;;;;
73;64;596;137.8321;39.26531;533;19;80.31611;;;;;;;;
74;64;597;137.8321;39.25524;547;20;81.43217;;;;;;;;
75;64;598;137.8321;39.24518;555;21;82.54847;;;;;;;;
76;64;599;137.8321;39.23512;554;21;83.66499;;;;;;;;
77;64;600;137.8321;39.22505;555;21;84.78173;;;;;;;;
78;64;601;137.8321;39.21499;548;21;85.8987;;;;;;;;
79;64;602;137.8321;39.20492;546;20;87.01589;;;;;;;;
80;64;603;137.8321;39.19485;538;20;88.1333;;;;;;;;
81;63;604;137.8191;39.18478;522;18;89.32739;;;;;;;;
82;63;605;137.8191;39.17471;514;17;90.4443;;;;;;;;
83;63;606;137.8191;39.16463;507;16;91.56144;;;;;;;;
84;63;607;137.8191;39.15456;499;16;92.67881;;;;;;;;
85;63;608;137.8191;39.14448;489;15;93.79642;;;;;;;;
86;63;609;137.8191;39.1344;488;15;94.91425;;;;;;;;
87;63;610;137.8191;39.12433;485;14;96.0323;;;;;;;;
88;63;611;137.8191;39.11424;490;15;97.15058;;;;;;;;
89;63;612;137.8191;39.10416;507;16;98.26908;;;;;;;;
90;63;613;137.8191;39.09408;512;17;99.38779;;;;;;;;
91;63;614;137.8191;39.08399;512;17;100.5067;;;;;;;;
92;63;615;137.8191;39.07391;530;19;101.6259;;;;;;;;
93;63;616;137.8191;39.06382;524;18;102.7452;;;;;;;;
94;63;617;137.8191;39.05373;539;20;103.8648;;;;;;;;
95;62;618;137.8061;39.04364;532;19;105.0616;;;;;;;;
96;62;619;137.8061;39.03355;533;19;106.1808;;;;;;;;
97;62;620;137.8061;39.02345;531;19;107.3002;;;;;;;;
98;62;621;137.8061;39.01336;498;16;108.4198;;;;;;;;
99;62;622;137.8061;39.00326;489;15;109.5397;;;;;;;;
100;62;623;137.8061;38.99316;482;14;110.6597;;;;;;;;
101;62;624;137.8061;38.98306;491;15;111.78;;;;;;;;
102;62;625;137.8061;38.97296;500;16;112.9005;;;;;;;;
103;62;626;137.8061;38.96286;498;16;114.0212;;;;;;;;
104;62;627;137.8061;38.95276;499;16;115.1421;;;;;;;;
105;62;628;137.8061;38.94265;495;15;116.2633;;;;;;;;
106;62;629;137.8061;38.93254;499;16;117.3846;;;;;;;;
107;62;630;137.8061;38.92244;510;17;118.5062;;;;;;;;
108;61;631;137.7931;38.91233;528;19;119.706;;;;;;;;
109;61;632;137.7931;38.90221;530;19;120.8273;;;;;;;;
110;61;633;137.7931;38.8921;540;20;121.9487;;;;;;;;
111;61;634;137.7931;38.88199;536;19;123.0704;;;;;;;;
112;61;635;137.7931;38.87187;518;18;124.1923;;;;;;;;
113;61;636;137.7931;38.86176;542;20;125.3144;;;;;;;;
114;61;637;137.7931;38.85164;539;20;126.4367;;;;;;;;
115;61;638;137.7931;38.84152;522;18;127.5592;;;;;;;;
116;61;639;137.7931;38.8314;542;20;128.6819;;;;;;;;
117;61;640;137.7931;38.82127;570;23;129.8049;;;;;;;;
118;61;641;137.7931;38.81115;572;23;130.928;;;;;;;;
119;61;642;137.7931;38.80102;572;23;132.0513;;;;;;;;
120;61;643;137.7931;38.7909;571;23;133.1749;;;;;;;;
121;60;644;137.7801;38.78077;571;23;134.3776;;;;;;;;
122;60;645;137.7801;38.77064;573;23;135.5009;;;;;;;;
123;60;646;137.7801;38.76051;573;23;136.6244;;;;;;;;
124;60;647;137.7801;38.75038;573;23;137.7482;;;;;;;;
125;60;648;137.7801;38.74024;571;23;138.8721;;;;;;;;
126;60;649;137.7801;38.73011;571;23;139.9962;;;;;;;;
127;60;650;137.7801;38.71997;571;23;141.1206;;;;;;;;
128;60;651;137.7801;38.70983;569;23;142.2451;;;;;;;;
129;60;652;137.7801;38.69969;570;23;143.3699;;;;;;;;
130;60;653;137.7801;38.68955;566;22;144.4948;;;;;;;;
131;60;654;137.7801;38.67941;555;21;145.62;;;;;;;;
132;60;655;137.7801;38.66926;540;20;146.7453;;;;;;;;
133;60;656;137.7801;38.65912;535;19;147.8709;;;;;;;;
134;60;657;137.7801;38.64897;526;18;148.9966;;;;;;;;
135;59;658;137.7671;38.63882;516;17;150.2017;;;;;;;;
136;59;659;137.7671;38.62867;519;18;151.3273;;;;;;;;
137;59;660;137.7671;38.61852;521;18;152.4531;;;;;;;;
138;59;661;137.7671;38.60837;512;17;153.579;;;;;;;;
139;59;662;137.7671;38.59821;517;17;154.7052;;;;;;;;
140;59;663;137.7671;38.58806;529;19;155.8316;;;;;;;;
141;59;664;137.7671;38.5779;525;18;156.9582;;;;;;;;
142;59;665;137.7671;38.56774;523;18;158.085;;;;;;;;
143;59;666;137.7671;38.55758;525;18;159.2119;;;;;;;;
144;59;667;137.7671;38.54742;525;18;160.3391;;;;;;;;
145;59;668;137.7671;38.53726;515;17;161.4665;;;;;;;;
146;59;669;137.7671;38.52709;504;16;162.5941;;;;;;;;
147;59;670;137.7671;38.51693;502;16;163.7218;;;;;;;;
148;58;671;137.7541;38.50676;516;17;164.9296;;;;;;;;
149;58;672;137.7541;38.49659;525;18;166.0572;;;;;;;;
150;58;673;137.7541;38.48642;523;18;167.1851;;;;;;;;
151;58;674;137.7541;38.47625;512;17;168.3131;;;;;;;;
152;58;675;137.7541;38.46608;518;18;169.4413;;;;;;;;
153;58;676;137.7541;38.4559;520;18;170.5697;;;;;;;;
154;58;677;137.7541;38.44573;517;17;171.6984;;;;;;;;
155;58;678;137.7541;38.43555;520;18;172.8272;;;;;;;;
156;58;679;137.7541;38.42537;506;16;173.9562;;;;;;;;
157;58;680;137.7541;38.41519;514;17;175.0854;;;;;;;;
158;58;681;137.7541;38.40501;507;16;176.2148;;;;;;;;
159;58;682;137.7541;38.39483;491;15;177.3444;;;;;;;;
160;58;683;137.7541;38.38464;497;15;178.4742;;;;;;;;
161;58;684;137.7541;38.37446;495;15;179.6042;;;;;;;;
162;57;685;137.7411;38.36427;528;19;180.8142;;;;;;;;
163;57;686;137.7411;38.35408;534;19;181.9441;;;;;;;;
164;57;687;137.7411;38.34389;554;21;183.0742;;;;;;;;
165;57;688;137.7411;38.3337;544;20;184.2045;;;;;;;;
166;57;689;137.7411;38.32351;554;21;185.3349;;;;;;;;
167;57;690;137.7411;38.31331;537;19;186.4656;;;;;;;;
168;57;691;137.7411;38.30312;541;20;187.5965;;;;;;;;
169;57;692;137.7411;38.29292;545;20;188.7275;;;;;;;;
170;57;693;137.7411;38.28272;538;20;189.8588;;;;;;;;
171;57;694;137.7411;38.27252;526;18;190.9902;;;;;;;;
172;57;695;137.7411;38.26232;508;17;192.1218;;;;;;;;
173;57;696;137.7411;38.25212;487;14;193.2536;;;;;;;;
174;57;697;137.7411;38.24191;492;15;194.3856;;;;;;;;
175;56;698;137.7281;38.23171;515;17;195.5983;;;;;;;;
176;56;699;137.7281;38.2215;489;15;196.7302;;;;;;;;
177;56;700;137.7281;38.21129;495;15;197.8623;;;;;;;;
178;56;701;137.7281;38.20108;486;14;198.9947;;;;;;;;
179;56;702;137.7281;38.19087;481;14;200.1272;;;;;;;;
180;56;703;137.7281;38.18065;484;14;201.2599;;;;;;;;
181;56;704;137.7281;38.17044;483;14;202.3928;;;;;;;;
182;56;705;137.7281;38.16022;483;14;203.5259;;;;;;;;
183;56;706;137.7281;38.15001;486;14;204.6592;;;;;;;;
184;56;707;137.7281;38.13979;483;14;205.7926;;;;;;;;
185;56;708;137.7281;38.12957;480;14;206.9263;;;;;;;;
186;56;709;137.7281;38.11935;481;14;208.0602;;;;;;;;
187;56;710;137.7281;38.10912;482;14;209.1942;;;;;;;;
188;56;711;137.7281;38.0989;479;14;210.3284;;;;;;;;
189;55;712;137.7151;38.08867;483;14;211.5433;;;;;;;;
190;55;713;137.7151;38.07845;481;14;212.6775;;;;;;;;
191;55;714;137.7151;38.06822;484;14;213.8119;;;;;;;;
192;55;715;137.7151;38.05799;487;14;214.9464;;;;;;;;
193;55;716;137.7151;38.04775;492;15;216.0812;;;;;;;;
194;55;717;137.7151;38.03752;482;14;217.2161;;;;;;;;
195;55;718;137.7151;38.02729;485;14;218.3513;;;;;;;;
196;55;719;137.7151;38.01705;486;14;219.4866;;;;;;;;
197;55;720;137.7151;38.00681;488;15;220.6221;;;;;;;;
198;55;721;137.7151;37.99658;500;16;221.7578;;;;;;;;
199;55;722;137.7151;37.98634;499;16;222.8937;;;;;;;;
200;55;723;137.7151;37.97609;495;15;224.0298;;;;;;;;
201;55;724;137.7151;37.96585;495;15;225.166;;;;;;;;
202;54;725;137.7021;37.95561;501;16;226.3834;;;;;;;;
203;54;726;137.7021;37.94536;496;15;227.5196;;;;;;;;
204;54;727;137.7021;37.93511;501;16;228.656;;;;;;;;
205;54;728;137.7021;37.92486;499;16;229.7926;;;;;;;;
206;54;729;137.7021;37.91461;496;15;230.9294;;;;;;;;
207;54;730;137.7021;37.90436;499;16;232.0664;;;;;;;;
208;54;731;137.7021;37.89411;498;16;233.2036;;;;;;;;
209;54;732;137.7021;37.88385;502;16;234.341;;;;;;;;
210;54;733;137.7021;37.8736;510;17;235.4785;;;;;;;;
211;54;734;137.7021;37.86334;512;17;236.6163;;;;;;;;
212;54;735;137.7021;37.85308;528;19;237.7542;;;;;;;;
213;54;736;137.7021;37.84282;552;21;238.8923;;;;;;;;
214;54;737;137.7021;37.83256;562;22;240.0306;;;;;;;;
215;54;738;137.7021;37.8223;575;23;241.1691;;;;;;;;
216;53;739;137.6891;37.81203;564;22;242.3887;;;;;;;;
217;53;740;137.6891;37.80177;572;23;243.5271;;;;;;;;
218;53;741;137.6891;37.7915;573;23;244.6658;;;;;;;;
219;53;742;137.6891;37.78123;580;24;245.8046;;;;;;;;
220;53;743;137.6891;37.77096;581;24;246.9437;;;;;;;;
221;53;744;137.6891;37.76069;580;24;248.0829;;;;;;;;
222;53;745;137.6891;37.75042;581;24;249.2223;;;;;;;;
223;53;746;137.6891;37.74014;582;24;250.3619;;;;;;;;
224;53;747;137.6891;37.72987;583;24;251.5017;;;;;;;;
225;53;748;137.6891;37.71959;586;24;252.6416;;;;;;;;
226;53;749;137.6891;37.70931;585;24;253.7818;;;;;;;;
227;53;750;137.6891;37.69903;584;24;254.9221;;;;;;;;
228;53;751;137.6891;37.68875;584;24;256.0626;;;;;;;;
229;52;752;137.6761;37.67846;579;24;257.2846;;;;;;;;
230;52;753;137.6761;37.66818;582;24;258.4251;;;;;;;;
231;52;754;137.6761;37.65789;586;24;259.5658;;;;;;;;
232;52;755;137.6761;37.64761;588;25;260.7067;;;;;;;;
233;52;756;137.6761;37.63732;586;24;261.8478;;;;;;;;
234;52;757;137.6761;37.62703;586;24;262.9891;;;;;;;;
235;52;758;137.6761;37.61674;582;24;264.1305;;;;;;;;
236;52;759;137.6761;37.60644;584;24;265.2722;;;;;;;;
237;52;760;137.6761;37.59615;591;25;266.414;;;;;;;;
238;52;761;137.6761;37.58585;592;25;267.556;;;;;;;;
239;52;762;137.6761;37.57556;588;25;268.6981;;;;;;;;
240;52;763;137.6761;37.56526;583;24;269.8405;;;;;;;;
241;52;764;137.6761;37.55496;586;24;270.983;;;;;;;;
242;51;765;137.6631;37.54466;569;23;272.2074;;;;;;;;
243;51;766;137.6631;37.53435;584;24;273.35;;;;;;;;
244;51;767;137.6631;37.52405;584;24;274.4928;;;;;;;;
245;51;768;137.6631;37.51374;566;22;275.6357;;;;;;;;
246;51;769;137.6631;37.50343;548;21;276.7788;;;;;;;;
247;51;770;137.6631;37.49313;521;18;277.9221;;;;;;;;
248;51;771;137.6631;37.48282;499;16;279.0656;;;;;;;;
249;51;772;137.6631;37.4725;506;16;280.2093;;;;;;;;
250;51;773;137.6631;37.46219;539;20;281.3531;;;;;;;;
251;51;774;137.6631;37.45188;553;21;282.4972;;;;;;;;
252;51;775;137.6631;37.44156;526;18;283.6414;;;;;;;;
253;51;776;137.6631;37.43124;557;21;284.7858;;;;;;;;
254;51;777;137.6631;37.42093;573;23;285.9304;;;;;;;;
255;51;778;137.6631;37.41061;579;24;287.0751;;;;;;;;
256;50;779;137.6501;37.40028;565;22;288.3017;;;;;;;;
257;50;780;137.6501;37.38996;581;24;289.4465;;;;;;;;
258;50;781;137.6501;37.37964;587;24;290.5915;;;;;;;;
259;50;782;137.6501;37.36931;581;24;291.7367;;;;;;;;
260;50;783;137.6501;37.35898;575;23;292.882;;;;;;;;
261;50;784;137.6501;37.34866;581;24;294.0275;;;;;;;;
262;50;785;137.6501;37.33833;592;25;295.1732;;;;;;;;
263;50;786;137.6501;37.32799;590;25;296.3191;;;;;;;;
264;50;787;137.6501;37.31766;590;25;297.4652;;;;;;;;
265;50;788;137.6501;37.30733;590;25;298.6115;;;;;;;;
266;50;789;137.6501;37.29699;590;25;299.7579;;;;;;;;
267;50;790;137.6501;37.28665;590;25;300.9045;;;;;;;;
268;50;791;137.6501;37.27632;586;24;302.0513;;;;;;;;
269;49;792;137.6371;37.26598;567;22;303.2802;;;;;;;;
270;49;793;137.6371;37.25563;573;23;304.4271;;;;;;;;
271;49;794;137.6371;37.24529;573;23;305.5741;;;;;;;;
272;49;795;137.6371;37.23495;587;24;306.7213;;;;;;;;
273;49;796;137.6371;37.2246;590;25;307.8687;;;;;;;;
274;49;797;137.6371;37.21425;589;25;309.0163;;;;;;;;
275;49;798;137.6371;37.20391;590;25;310.164;;;;;;;;
276;49;799;137.6371;37.19356;590;25;311.3119;;;;;;;;
277;49;800;137.6371;37.1832;591;25;312.46;;;;;;;;
278;49;801;137.6371;37.17285;590;25;313.6083;;;;;;;;
279;49;802;137.6371;37.1625;590;25;314.7568;;;;;;;;
280;49;803;137.6371;37.15214;589;25;315.9054;;;;;;;;
281;49;804;137.6371;37.14179;589;25;317.0542;;;;;;;;
282;49;805;137.6371;37.13143;590;25;318.2032;;;;;;;;
283;48;806;137.6241;37.12107;589;25;319.4344;;;;;;;;
284;48;807;137.6241;37.11071;588;25;320.5835;;;;;;;;
285;48;808;137.6241;37.10034;589;25;321.7327;;;;;;;;
286;48;809;137.6241;37.08998;589;25;322.8821;;;;;;;;
287;48;810;137.6241;37.07961;585;24;324.0317;;;;;;;;
288;48;811;137.6241;37.06925;588;25;325.1815;;;;;;;;
289;48;812;137.6241;37.05888;591;25;326.3315;;;;;;;;
290;48;813;137.6241;37.04851;591;25;327.4816;;;;;;;;
291;48;814;137.6241;37.03814;589;25;328.6319;;;;;;;;
292;48;815;137.6241;37.02776;587;24;329.7824;;;;;;;;
293;48;816;137.6241;37.01739;588;25;330.9331;;;;;;;;
294;48;817;137.6241;37.00702;588;25;332.0839;;;;;;;;
295;48;818;137.6241;36.99664;587;24;333.2349;;;;;;;;
296;47;819;137.6111;36.98626;584;24;334.4684;;;;;;;;
297;47;820;137.6111;36.97588;584;24;335.6195;;;;;;;;
298;47;821;137.6111;36.9655;582;24;336.7708;;;;;;;;
299;47;822;137.6111;36.95512;569;23;337.9223;;;;;;;;
300;47;823;137.6111;36.94473;557;21;339.0739;;;;;;;;
301;47;824;137.6111;36.93435;540;20;340.2257;;;;;;;;
302;47;825;137.6111;36.92396;519;18;341.3777;;;;;;;;
303;47;826;137.6111;36.91357;514;17;342.5299;;;;;;;;
304;47;827;137.6111;36.90318;506;16;343.6822;;;;;;;;
305;47;828;137.6111;36.89279;499;16;344.8348;;;;;;;;
306;47;829;137.6111;36.8824;499;16;345.9875;;;;;;;;
307;47;830;137.6111;36.87201;496;15;347.1403;;;;;;;;
308;47;831;137.6111;36.86161;503;16;348.2934;;;;;;;;
309;47;832;137.6111;36.85121;515;17;349.4466;;;;;;;;
310;46;833;137.5981;36.84082;507;16;350.6823;;;;;;;;
311;46;834;137.5981;36.83042;509;17;351.8356;;;;;;;;
312;46;835;137.5981;36.82002;517;17;352.9891;;;;;;;;
313;46;836;137.5981;36.80961;528;19;354.1428;;;;;;;;
314;46;837;137.5981;36.79921;532;19;355.2966;;;;;;;;
315;46;838;137.5981;36.7888;532;19;356.4507;;;;;;;;
316;46;839;137.5981;36.7784;546;20;357.6049;;;;;;;;
317;46;840;137.5981;36.76799;549;21;358.7592;;;;;;;;
318;46;841;137.5981;36.75758;533;19;359.9138;;;;;;;;
319;46;842;137.5981;36.74717;524;18;361.0685;;;;;;;;
320;46;843;137.5981;36.73676;536;19;362.2234;;;;;;;;
321;46;844;137.5981;36.72634;530;19;363.3785;;;;;;;;
322;46;845;137.5981;36.71593;500;16;364.5338;;;;;;;;
323;45;846;137.5851;36.70551;491;15;365.7717;;;;;;;;
324;45;847;137.5851;36.6951;489;15;366.9271;;;;;;;;
325;45;848;137.5851;36.68468;490;15;368.0826;;;;;;;;
326;45;849;137.5851;36.67426;482;14;369.2383;;;;;;;;
327;45;850;137.5851;36.66383;487;14;370.3942;;;;;;;;
328;45;851;137.5851;36.65341;495;15;371.5502;;;;;;;;
329;45;852;137.5851;36.64298;484;14;372.7065;;;;;;;;
330;45;853;137.5851;36.63256;476;13;373.8629;;;;;;;;
331;45;854;137.5851;36.62213;469;13;375.0195;;;;;;;;
332;45;855;137.5851;36.6117;446;10;376.1762;;;;;;;;
333;45;856;137.5851;36.60127;432;9;377.3331;;;;;;;;
334;45;857;137.5851;36.59084;447;10;378.4902;;;;;;;;
335;45;858;137.5851;36.58041;453;11;379.6475;;;;;;;;
336;45;859;137.5851;36.56997;435;9;380.805;;;;;;;;
337;44;860;137.5721;36.55953;426;8;382.0451;;;;;;;;
338;44;861;137.5721;36.5491;422;8;383.2027;;;;;;;;
339;44;862;137.5721;36.53866;441;10;384.3604;;;;;;;;
340;44;863;137.5721;36.52822;450;11;385.5184;;;;;;;;
341;44;864;137.5721;36.51778;463;12;386.6764;;;;;;;;
342;44;865;137.5721;36.50733;464;12;387.8347;;;;;;;;
343;44;866;137.5721;36.49689;468;13;388.9931;;;;;;;;
344;44;867;137.5721;36.48644;452;11;390.1517;;;;;;;;
345;44;868;137.5721;36.47599;426;8;391.3105;;;;;;;;
346;44;869;137.5721;36.46555;411;7;392.4695;;;;;;;;
347;44;870;137.5721;36.4551;396;5;393.6286;;;;;;;;
348;44;871;137.5721;36.44464;398;6;394.7879;;;;;;;;
349;44;872;137.5721;36.43419;393;5;395.9474;;;;;;;;
350;43;873;137.5591;36.42374;394;5;397.1898;;;;;;;;
351;43;874;137.5591;36.41328;393;5;398.3494;;;;;;;;
352;43;875;137.5591;36.40282;392;5;399.5091;;;;;;;;
353;43;876;137.5591;36.39236;392;5;400.6691;;;;;;;;
354;43;877;137.5591;36.3819;397;5;401.8292;;;;;;;;
355;43;878;137.5591;36.37144;406;6;402.9895;;;;;;;;
356;43;879;137.5591;36.36098;427;8;404.1499;;;;;;;;
357;43;880;137.5591;36.35052;429;9;405.3106;;;;;;;;
358;43;881;137.5591;36.34005;436;9;406.4714;;;;;;;;
359;43;882;137.5591;36.32958;438;10;407.6323;;;;;;;;
360;43;883;137.5591;36.31911;427;8;408.7935;;;;;;;;
361;43;884;137.5591;36.30864;406;6;409.9548;;;;;;;;
362;43;885;137.5591;36.29817;432;9;411.1163;;;;;;;;
363;42;886;137.5461;36.2877;450;11;412.361;;;;;;;;
364;42;887;137.5461;36.27723;436;9;413.5226;;;;;;;;
365;42;888;137.5461;36.26675;474;13;414.6844;;;;;;;;
366;42;889;137.5461;36.25627;472;13;415.8463;;;;;;;;
367;42;890;137.5461;36.24579;505;16;417.0085;;;;;;;;
368;42;891;137.5461;36.23531;497;15;418.1708;;;;;;;;
369;42;892;137.5461;36.22483;489;15;419.3332;;;;;;;;
370;42;893;137.5461;36.21435;465;12;420.4959;;;;;;;;
371;42;894;137.5461;36.20387;458;12;421.6587;;;;;;;;
372;42;895;137.5461;36.19338;463;12;422.8217;;;;;;;;
373;42;896;137.5461;36.18289;461;12;423.9849;;;;;;;;
374;42;897;137.5461;36.17241;450;11;425.1482;;;;;;;;
375;42;898;137.5461;36.16192;437;9;426.3117;;;;;;;;
376;42;899;137.5461;36.15143;435;9;427.4754;;;;;;;;
377;41;900;137.5331;36.14093;435;9;428.7223;;;;;;;;
378;41;901;137.5331;36.13044;435;9;429.8861;;;;;;;;
379;41;902;137.5331;36.11994;437;9;431.0501;;;;;;;;
380;41;903;137.5331;36.10945;435;9;432.2142;;;;;;;;
381;41;904;137.5331;36.09895;441;10;433.3785;;;;;;;;
382;41;905;137.5331;36.08845;433;9;434.543;;;;;;;;
383;41;906;137.5331;36.07795;437;9;435.7077;;;;;;;;
384;41;907;137.5331;36.06745;450;11;436.8726;;;;;;;;
385;41;908;137.5331;36.05694;464;12;438.0376;;;;;;;;
386;41;909;137.5331;36.04644;467;12;439.2027;;;;;;;;
387;41;910;137.5331;36.03593;462;12;440.3681;;;;;;;;
388;41;911;137.5331;36.02542;460;12;441.5336;;;;;;;;
389;41;912;137.5331;36.01491;465;12;442.6993;;;;;;;;
390;40;913;137.5201;36.0044;465;12;443.9484;;;;;;;;
391;40;914;137.5201;35.99389;462;12;445.1143;;;;;;;;
392;40;915;137.5201;35.98338;466;12;446.2803;;;;;;;;
393;40;916;137.5201;35.97286;467;12;447.4464;;;;;;;;
394;40;917;137.5201;35.96235;465;12;448.6128;;;;;;;;
395;40;918;137.5201;35.95183;464;12;449.7793;;;;;;;;
396;40;919;137.5201;35.94131;469;13;450.946;;;;;;;;
397;40;920;137.5201;35.93079;464;12;452.1128;;;;;;;;
398;40;921;137.5201;35.92027;467;12;453.2799;;;;;;;;
399;40;922;137.5201;35.90974;487;14;454.447;;;;;;;;
400;40;923;137.5201;35.89922;494;15;455.6144;;;;;;;;
401;40;924;137.5201;35.88869;495;15;456.782;;;;;;;;
402;40;925;137.5201;35.87817;493;15;457.9497;;;;;;;;
403;40;926;137.5201;35.86764;492;15;459.1175;;;;;;;;
404;39;927;137.5071;35.85711;483;14;460.3688;;;;;;;;
405;39;928;137.5071;35.84658;476;13;461.5369;;;;;;;;
406;39;929;137.5071;35.83604;469;13;462.705;;;;;;;;
407;39;930;137.5071;35.82551;478;14;463.8734;;;;;;;;
408;39;931;137.5071;35.81497;488;15;465.0419;;;;;;;;
409;39;932;137.5071;35.80443;486;14;466.2106;;;;;;;;
410;39;933;137.5071;35.7939;498;16;467.3795;;;;;;;;
411;39;934;137.5071;35.78336;488;15;468.5485;;;;;;;;
412;39;935;137.5071;35.77281;487;14;469.7177;;;;;;;;
413;39;936;137.5071;35.76227;477;13;470.8871;;;;;;;;
414;39;937;137.5071;35.75173;478;14;472.0567;;;;;;;;
415;39;938;137.5071;35.74118;473;13;473.2264;;;;;;;;
416;39;939;137.5071;35.73063;464;12;474.3963;;;;;;;;
417;38;940;137.4941;35.72009;462;12;475.6498;;;;;;;;
418;38;941;137.4941;35.70954;461;12;476.8198;;;;;;;;
419;38;942;137.4941;35.69899;462;12;477.99;;;;;;;;
420;38;943;137.4941;35.68843;463;12;479.1604;;;;;;;;
421;38;944;137.4941;35.67788;461;12;480.3309;;;;;;;;
422;38;945;137.4941;35.66732;457;11;481.5016;;;;;;;;
423;38;946;137.4941;35.65677;458;12;482.6725;;;;;;;;
424;38;947;137.4941;35.64621;456;11;483.8436;;;;;;;;
425;38;948;137.4941;35.63565;455;11;485.0148;;;;;;;;
426;38;949;137.4941;35.62509;452;11;486.1862;;;;;;;;
427;38;950;137.4941;35.61453;451;11;487.3577;;;;;;;;
428;38;951;137.4941;35.60396;452;11;488.5294;;;;;;;;
429;38;952;137.4941;35.5934;453;11;489.7013;;;;;;;;
430;38;953;137.4941;35.58283;453;11;490.8734;;;;;;;;
431;37;954;137.4811;35.57226;452;11;492.1291;;;;;;;;
432;37;955;137.4811;35.56169;449;11;493.3013;;;;;;;;
433;37;956;137.4811;35.55112;448;11;494.4737;;;;;;;;
434;37;957;137.4811;35.54055;451;11;495.6462;;;;;;;;
435;37;958;137.4811;35.52998;449;11;496.8189;;;;;;;;
436;37;959;137.4811;35.5194;448;11;497.9918;;;;;;;;
437;37;960;137.4811;35.50882;448;11;499.1649;;;;;;;;
438;37;961;137.4811;35.49825;448;11;500.3381;;;;;;;;
439;37;962;137.4811;35.48767;448;11;501.5115;;;;;;;;
440;37;963;137.4811;35.47709;449;11;502.6851;;;;;;;;
441;37;964;137.4811;35.4665;452;11;503.8588;;;;;;;;
442;37;965;137.4811;35.45592;453;11;505.0327;;;;;;;;
443;37;966;137.4811;35.44534;453;11;506.2068;;;;;;;;
444;36;967;137.4681;35.43475;451;11;507.4647;;;;;;;;
445;36;968;137.4681;35.42416;448;11;508.6389;;;;;;;;
446;36;969;137.4681;35.41357;447;10;509.8133;;;;;;;;
447;36;970;137.4681;35.40298;446;10;510.9878;;;;;;;;
448;36;971;137.4681;35.39239;446;10;512.1625;;;;;;;;
449;36;972;137.4681;35.3818;447;10;513.3374;;;;;;;;
450;36;973;137.4681;35.3712;448;11;514.5125;;;;;;;;
451;36;974;137.4681;35.36061;448;11;515.6877;;;;;;;;
452;36;975;137.4681;35.35001;448;11;516.8631;;;;;;;;
453;36;976;137.4681;35.33941;448;11;518.0387;;;;;;;;
454;36;977;137.4681;35.32881;448;11;519.2144;;;;;;;;
455;36;978;137.4681;35.31821;449;11;520.3903;;;;;;;;
456;36;979;137.4681;35.30761;448;11;521.5664;;;;;;;;
457;36;980;137.4681;35.297;448;11;522.7426;;;;;;;;
458;35;981;137.4551;35.2864;452;11;524.0027;;;;;;;;
459;35;982;137.4551;35.27579;452;11;525.1791;;;;;;;;
460;35;983;137.4551;35.26518;450;11;526.3556;;;;;;;;
461;35;984;137.4551;35.25457;450;11;527.5323;;;;;;;;
462;35;985;137.4551;35.24396;450;11;528.7092;;;;;;;;
463;35;986;137.4551;35.23335;452;11;529.8863;;;;;;;;
464;35;987;137.4551;35.22274;453;11;531.0635;;;;;;;;
465;35;988;137.4551;35.21212;451;11;532.2409;;;;;;;;
466;35;989;137.4551;35.2015;450;11;533.4185;;;;;;;;
467;35;990;137.4551;35.19089;450;11;534.5962;;;;;;;;
468;35;991;137.4551;35.18027;448;11;535.7741;;;;;;;;
469;35;992;137.4551;35.16965;452;11;536.9522;;;;;;;;
470;35;993;137.4551;35.15902;452;11;538.1304;;;;;;;;
471;34;994;137.4421;35.1484;451;11;539.3927;;;;;;;;
472;34;995;137.4421;35.13778;450;11;540.571;;;;;;;;
473;34;996;137.4421;35.12715;451;11;541.7496;;;;;;;;
474;34;997;137.4421;35.11652;453;11;542.9283;;;;;;;;
475;34;998;137.4421;35.10589;455;11;544.1072;;;;;;;;
476;34;999;137.4421;35.09526;455;11;545.2863;;;;;;;;
477;34;1000;137.4421;35.08463;455;11;546.4655;;;;;;;;
478;34;1001;137.4421;35.074;455;11;547.6449;;;;;;;;
479;34;1002;137.4421;35.06336;455;11;548.8245;;;;;;;;
480;34;1003;137.4421;35.05273;456;11;550.0042;;;;;;;;
481;34;1004;137.4421;35.04209;455;11;551.1841;;;;;;;;
482;34;1005;137.4421;35.03145;454;11;552.3641;;;;;;;;
483;34;1006;137.4421;35.02081;455;11;553.5444;;;;;;;;
484;33;1007;137.4291;35.01017;455;11;554.8088;;;;;;;;
485;33;1008;137.4291;34.99952;455;11;555.9892;;;;;;;;
486;33;1009;137.4291;34.98888;456;11;557.1697;;;;;;;;
487;33;1010;137.4291;34.97823;456;11;558.3505;;;;;;;;
488;33;1011;137.4291;34.96759;456;11;559.5313;;;;;;;;
489;33;1012;137.4291;34.95694;457;11;560.7124;;;;;;;;
490;33;1013;137.4291;34.94629;456;11;561.8936;;;;;;;;
491;33;1014;137.4291;34.93564;457;11;563.075;;;;;;;;
492;33;1015;137.4291;34.92498;459;12;564.2566;;;;;;;;
493;33;1016;137.4291;34.91433;459;12;565.4383;;;;;;;;
494;33;1017;137.4291;34.90367;458;12;566.6202;;;;;;;;
495;33;1018;137.4291;34.89302;458;12;567.8022;;;;;;;;
496;33;1019;137.4291;34.88236;459;12;568.9844;;;;;;;;
497;33;1020;137.4291;34.8717;457;11;570.1668;;;;;;;;
498;32;1021;137.4161;34.86104;455;11;571.4334;;;;;;;;
499;32;1022;137.4161;34.85038;455;11;572.6159;;;;;;;;
500;32;1023;137.4161;34.83971;455;11;573.7987;;;;;;;;
501;32;1024;137.4161;34.82905;455;11;574.9815;;;;;;;;
502;32;1025;137.4161;34.81838;455;11;576.1646;;;;;;;;
503;32;1026;137.4161;34.80771;454;11;577.3478;;;;;;;;
504;32;1027;137.4161;34.79704;456;11;578.5312;;;;;;;;
505;32;1028;137.4161;34.78637;456;11;579.7147;;;;;;;;
506;32;1029;137.4161;34.7757;457;11;580.8984;;;;;;;;
507;32;1030;137.4161;34.76503;457;11;582.0823;;;;;;;;
508;32;1031;137.4161;34.75435;461;12;583.2663;;;;;;;;
509;32;1032;137.4161;34.74368;466;12;584.4505;;;;;;;;
510;32;1033;137.4161;34.733;461;12;585.6349;;;;;;;;
511;31;1034;137.4031;34.72232;462;12;586.9037;;;;;;;;
512;31;1035;137.4031;34.71164;463;12;588.0882;;;;;;;;
513;31;1036;137.4031;34.70096;463;12;589.2729;;;;;;;;
514;31;1037;137.4031;34.69027;464;12;590.4578;;;;;;;;
515;31;1038;137.4031;34.67959;467;12;591.6428;;;;;;;;
516;31;1039;137.4031;34.6689;468;13;592.828;;;;;;;;
517;31;1040;137.4031;34.65822;476;13;594.0134;;;;;;;;
518;31;1041;137.4031;34.64753;482;14;595.1989;;;;;;;;
519;31;1042;137.4031;34.63684;519;18;596.3846;;;;;;;;
520;31;1043;137.4031;34.62615;544;20;597.5705;;;;;;;;
521;31;1044;137.4031;34.61545;559;22;598.7565;;;;;;;;
522;31;1045;137.4031;34.60476;598;26;599.9427;;;;;;;;
523;31;1046;137.4031;34.59406;596;25;601.129;;;;;;;;
524;31;1047;137.4031;34.58337;597;25;602.3155;;;;;;;;
525;30;1048;137.3901;34.57267;595;25;603.5865;;;;;;;;
526;30;1049;137.3901;34.56197;600;26;604.7732;;;;;;;;
527;30;1050;137.3901;34.55127;600;26;605.96;;;;;;;;
528;30;1051;137.3901;34.54057;601;26;607.147;;;;;;;;
529;30;1052;137.3901;34.52986;602;26;608.3342;;;;;;;;
530;30;1053;137.3901;34.51916;599;26;609.5216;;;;;;;;
531;30;1054;137.3901;34.50845;591;25;610.7091;;;;;;;;
532;30;1055;137.3901;34.49774;598;26;611.8967;;;;;;;;
533;30;1056;137.3901;34.48703;601;26;613.0846;;;;;;;;
534;30;1057;137.3901;34.47632;602;26;614.2726;;;;;;;;
535;30;1058;137.3901;34.46561;605;26;615.4608;;;;;;;;
536;30;1059;137.3901;34.4549;608;27;616.6491;;;;;;;;
537;30;1060;137.3901;34.44418;608;27;617.8376;;;;;;;;
538;29;1061;137.3771;34.43347;607;26;619.1107;;;;;;;;
539;29;1062;137.3771;34.42275;607;26;620.2993;;;;;;;;
540;29;1063;137.3771;34.41203;606;26;621.4882;;;;;;;;
541;29;1064;137.3771;34.40131;600;26;622.6772;;;;;;;;
542;29;1065;137.3771;34.39059;600;26;623.8663;;;;;;;;
543;29;1066;137.3771;34.37987;595;25;625.0557;;;;;;;;
544;29;1067;137.3771;34.36914;585;24;626.2452;;;;;;;;
545;29;1068;137.3771;34.35842;581;24;627.4348;;;;;;;;
546;29;1069;137.3771;34.34769;584;24;628.6246;;;;;;;;
547;29;1070;137.3771;34.33696;593;25;629.8146;;;;;;;;
548;29;1071;137.3771;34.32623;596;25;631.0048;;;;;;;;
549;29;1072;137.3771;34.3155;600;26;632.1951;;;;;;;;
550;29;1073;137.3771;34.30477;607;26;633.3856;;;;;;;;
551;29;1074;137.3771;34.29403;603;26;634.5762;;;;;;;;
552;28;1075;137.3641;34.2833;600;26;635.8514;;;;;;;;
553;28;1076;137.3641;34.27256;604;26;637.0422;;;;;;;;
554;28;1077;137.3641;34.26182;607;26;638.2332;;;;;;;;
555;28;1078;137.3641;34.25108;606;26;639.4244;;;;;;;;
556;28;1079;137.3641;34.24034;604;26;640.6157;;;;;;;;
557;28;1080;137.3641;34.2296;602;26;641.8071;;;;;;;;
558;28;1081;137.3641;34.21886;593;25;642.9988;;;;;;;;
559;28;1082;137.3641;34.20811;596;25;644.1906;;;;;;;;
560;28;1083;137.3641;34.19736;596;25;645.3825;;;;;;;;
561;28;1084;137.3641;34.18662;593;25;646.5747;;;;;;;;
562;28;1085;137.3641;34.17587;602;26;647.7669;;;;;;;;
563;28;1086;137.3641;34.16512;602;26;648.9594;;;;;;;;
564;28;1087;137.3641;34.15437;604;26;650.152;;;;;;;;
565;27;1088;137.3511;34.14361;603;26;651.4294;;;;;;;;
566;27;1089;137.3511;34.13286;606;26;652.6222;;;;;;;;
567;27;1090;137.3511;34.1221;605;26;653.8151;;;;;;;;
568;27;1091;137.3511;34.11134;608;27;655.0082;;;;;;;;
569;27;1092;137.3511;34.10059;606;26;656.2015;;;;;;;;
570;27;1093;137.3511;34.08983;608;27;657.3949;;;;;;;;
571;27;1094;137.3511;34.07906;609;27;658.5886;;;;;;;;
572;27;1095;137.3511;34.0683;605;26;659.7823;;;;;;;;
573;27;1096;137.3511;34.05754;605;26;660.9763;;;;;;;;
574;27;1097;137.3511;34.04677;605;26;662.1703;;;;;;;;
575;27;1098;137.3511;34.03601;606;26;663.3646;;;;;;;;
576;27;1099;137.3511;34.02524;608;27;664.559;;;;;;;;
577;27;1100;137.3511;34.01447;606;26;665.7536;;;;;;;;
578;27;1101;137.3511;34.0037;604;26;666.9483;;;;;;;;
579;26;1102;137.3381;33.99292;604;26;668.2279;;;;;;;;
580;26;1103;137.3381;33.98215;605;26;669.4228;;;;;;;;
581;26;1104;137.3381;33.97138;608;27;670.6179;;;;;;;;
582;26;1105;137.3381;33.9606;607;26;671.8131;;;;;;;;
583;26;1106;137.3381;33.94982;609;27;673.0085;;;;;;;;
584;26;1107;137.3381;33.93904;609;27;674.2041;;;;;;;;
585;26;1108;137.3381;33.92826;609;27;675.3998;;;;;;;;
586;26;1109;137.3381;33.91748;609;27;676.5957;;;;;;;;
587;26;1110;137.3381;33.9067;607;26;677.7918;;;;;;;;
588;26;1111;137.3381;33.89591;607;26;678.988;;;;;;;;
589;26;1112;137.3381;33.88513;605;26;680.1844;;;;;;;;
590;26;1113;137.3381;33.87434;606;26;681.381;;;;;;;;
591;26;1114;137.3381;33.86355;608;27;682.5777;;;;;;;;
592;25;1115;137.325;33.85276;607;26;683.8593;;;;;;;;
593;25;1116;137.325;33.84197;606;26;685.0562;;;;;;;;
594;25;1117;137.325;33.83118;606;26;686.2533;;;;;;;;
595;25;1118;137.325;33.82038;606;26;687.4505;;;;;;;;
596;25;1119;137.325;33.80959;606;26;688.6478;;;;;;;;
597;25;1120;137.325;33.79879;605;26;689.8454;;;;;;;;
598;25;1121;137.325;33.78799;606;26;691.0431;;;;;;;;
599;25;1122;137.325;33.77719;602;26;692.241;;;;;;;;
600;25;1123;137.325;33.76639;600;26;693.439;;;;;;;;
601;25;1124;137.325;33.75559;602;26;694.6372;;;;;;;;
602;25;1125;137.325;33.74478;602;26;695.8355;;;;;;;;
603;25;1126;137.325;33.73398;601;26;697.034;;;;;;;;
604;25;1127;137.325;33.72317;599;26;698.2327;;;;;;;;
605;24;1128;137.312;33.71237;591;25;699.5164;;;;;;;;
606;24;1129;137.312;33.70156;588;25;700.7153;;;;;;;;
607;24;1130;137.312;33.69075;567;22;701.9143;;;;;;;;
608;24;1131;137.312;33.67993;561;22;703.1135;;;;;;;;
609;24;1132;137.312;33.66912;520;18;704.3128;;;;;;;;
610;24;1133;137.312;33.65831;511;17;705.5123;;;;;;;;
611;24;1134;137.312;33.64749;502;16;706.712;;;;;;;;
612;24;1135;137.312;33.63667;496;15;707.9118;;;;;;;;
613;24;1136;137.312;33.62585;480;14;709.1118;;;;;;;;
614;24;1137;137.312;33.61503;485;14;710.312;;;;;;;;
615;24;1138;137.312;33.60421;499;16;711.5123;;;;;;;;
616;24;1139;137.312;33.59339;483;14;712.7127;;;;;;;;
617;24;1140;137.312;33.58257;480;14;713.9134;;;;;;;;
618;24;1141;137.312;33.57174;493;15;715.1141;;;;;;;;
619;23;1142;137.299;33.56091;489;15;716.4;;;;;;;;
620;23;1143;137.299;33.55009;483;14;717.601;;;;;;;;
621;23;1144;137.299;33.53926;484;14;718.8022;;;;;;;;
622;23;1145;137.299;33.52843;487;14;720.0035;;;;;;;;
623;23;1146;137.299;33.51759;504;16;721.2049;;;;;;;;
624;23;1147;137.299;33.50676;490;15;722.4065;;;;;;;;
625;23;1148;137.299;33.49592;517;17;723.6083;;;;;;;;
626;23;1149;137.299;33.48509;571;23;724.8103;;;;;;;;
627;23;1150;137.299;33.47425;567;22;726.0124;;;;;;;;
628;23;1151;137.299;33.46341;590;25;727.2146;;;;;;;;
629;23;1152;137.299;33.45257;567;22;728.417;;;;;;;;
630;23;1153;137.299;33.44173;553;21;729.6196;;;;;;;;
631;23;1154;137.299;33.43089;535;19;730.8224;;;;;;;;
632;22;1155;137.286;33.42004;608;27;732.1104;;;;;;;;
633;22;1156;137.286;33.4092;610;27;733.3133;;;;;;;;
634;22;1157;137.286;33.39835;610;27;734.5164;;;;;;;;
635;22;1158;137.286;33.3875;609;27;735.7196;;;;;;;;
636;22;1159;137.286;33.37665;615;27;736.9231;;;;;;;;
637;22;1160;137.286;33.3658;615;27;738.1266;;;;;;;;
638;22;1161;137.286;33.35495;614;27;739.3304;;;;;;;;
639;22;1162;137.286;33.34409;614;27;740.5343;;;;;;;;
640;22;1163;137.286;33.33324;613;27;741.7383;;;;;;;;
641;22;1164;137.286;33.32238;613;27;742.9425;;;;;;;;
642;22;1165;137.286;33.31152;613;27;744.1469;;;;;;;;
643;22;1166;137.286;33.30066;615;27;745.3514;;;;;;;;
644;22;1167;137.286;33.2898;615;27;746.5561;;;;;;;;
645;22;1168;137.286;33.27894;614;27;747.761;;;;;;;;
646;21;1169;137.273;33.26808;613;27;749.0511;;;;;;;;
647;21;1170;137.273;33.25721;614;27;750.2561;;;;;;;;
648;21;1171;137.273;33.24635;615;27;751.4613;;;;;;;;
649;21;1172;137.273;33.23548;614;27;752.6667;;;;;;;;
650;21;1173;137.273;33.22461;614;27;753.8722;;;;;;;;
651;21;1174;137.273;33.21374;613;27;755.0779;;;;;;;;
652;21;1175;137.273;33.20287;613;27;756.2838;;;;;;;;
653;21;1176;137.273;33.192;614;27;757.4898;;;;;;;;
654;21;1177;137.273;33.18112;614;27;758.6959;;;;;;;;
655;21;1178;137.273;33.17025;616;27;759.9022;;;;;;;;
656;21;1179;137.273;33.15937;615;27;761.1087;;;;;;;;
657;21;1180;137.273;33.14849;614;27;762.3154;;;;;;;;
658;21;1181;137.273;33.13761;613;27;763.5222;;;;;;;;
659;20;1182;137.26;33.12673;614;27;764.8144;;;;;;;;
660;20;1183;137.26;33.11585;614;27;766.0214;;;;;;;;
661;20;1184;137.26;33.10497;614;27;767.2285;;;;;;;;
662;20;1185;137.26;33.09408;614;27;768.4358;;;;;;;;
663;20;1186;137.26;33.08319;614;27;769.6433;;;;;;;;
664;20;1187;137.26;33.07231;612;27;770.8509;;;;;;;;
665;20;1188;137.26;33.06142;612;27;772.0587;;;;;;;;
666;20;1189;137.26;33.05053;613;27;773.2667;;;;;;;;
667;20;1190;137.26;33.03964;613;27;774.4748;;;;;;;;
668;20;1191;137.26;33.02874;612;27;775.683;;;;;;;;
669;20;1192;137.26;33.01785;612;27;776.8914;;;;;;;;
670;20;1193;137.26;33.00695;613;27;778.1;;;;;;;;
671;20;1194;137.26;32.99606;616;27;779.3088;;;;;;;;
672;20;1195;137.26;32.98516;612;27;780.5177;;;;;;;;
673;19;1196;137.247;32.97426;612;27;781.812;;;;;;;;
674;19;1197;137.247;32.96336;611;27;783.0211;;;;;;;;
675;19;1198;137.247;32.95245;610;27;784.2303;;;;;;;;
676;19;1199;137.247;32.94155;607;26;785.4397;;;;;;;;
677;19;1200;137.247;32.93064;609;27;786.6493;;;;;;;;
678;19;1201;137.247;32.91974;610;27;787.859;;;;;;;;
679;19;1202;137.247;32.90883;607;26;789.0689;;;;;;;;
680;19;1203;137.247;32.89792;603;26;790.279;;;;;;;;
681;19;1204;137.247;32.88701;590;25;791.4892;;;;;;;;
682;19;1205;137.247;32.8761;605;26;792.6995;;;;;;;;
683;19;1206;137.247;32.86519;596;25;793.9101;;;;;;;;
684;19;1207;137.247;32.85427;593;25;795.1207;;;;;;;;
685;19;1208;137.247;32.84335;594;25;796.3316;;;;;;;;
686;18;1209;137.234;32.83244;546;20;797.628;;;;;;;;
687;18;1210;137.234;32.82152;502;16;798.839;;;;;;;;
688;18;1211;137.234;32.8106;515;17;800.0502;;;;;;;;
689;18;1212;137.234;32.79968;526;18;801.2616;;;;;;;;
690;18;1213;137.234;32.78876;537;19;802.4731;;;;;;;;
691;18;1214;137.234;32.77783;578;24;803.6847;;;;;;;;
692;18;1215;137.234;32.76691;603;26;804.8965;;;;;;;;
693;18;1216;137.234;32.75598;603;26;806.1085;;;;;;;;
694;18;1217;137.234;32.74505;607;26;807.3207;;;;;;;;
695;18;1218;137.234;32.73412;599;26;808.533;;;;;;;;
696;18;1219;137.234;32.72319;610;27;809.7454;;;;;;;;
697;18;1220;137.234;32.71226;609;27;810.958;;;;;;;;
698;18;1221;137.234;32.70133;606;26;812.1708;;;;;;;;
699;18;1222;137.234;32.69039;608;27;813.3837;;;;;;;;
700;17;1223;137.221;32.67946;596;25;814.6822;;;;;;;;
701;17;1224;137.221;32.66852;601;26;815.8954;;;;;;;;
702;17;1225;137.221;32.65758;606;26;817.1086;;;;;;;;
703;17;1226;137.221;32.64664;606;26;818.3221;;;;;;;;
704;17;1227;137.221;32.6357;613;27;819.5357;;;;;;;;
705;17;1228;137.221;32.62476;615;27;820.7494;;;;;;;;
706;17;1229;137.221;32.61381;614;27;821.9633;;;;;;;;
707;17;1230;137.221;32.60287;614;27;823.1774;;;;;;;;
708;17;1231;137.221;32.59192;604;26;824.3916;;;;;;;;
709;17;1232;137.221;32.58097;602;26;825.606;;;;;;;;
710;17;1233;137.221;32.57002;612;27;826.8206;;;;;;;;
711;17;1234;137.221;32.55907;609;27;828.0353;;;;;;;;
712;17;1235;137.221;32.54812;611;27;829.2501;;;;;;;;
713;16;1236;137.208;32.53717;616;27;830.5507;;;;;;;;
714;16;1237;137.208;32.52621;616;27;831.7658;;;;;;;;
715;16;1238;137.208;32.51525;616;27;832.981;;;;;;;;
716;16;1239;137.208;32.5043;616;27;834.1963;;;;;;;;
717;16;1240;137.208;32.49334;615;27;835.4119;;;;;;;;
718;16;1241;137.208;32.48238;615;27;836.6275;;;;;;;;
719;16;1242;137.208;32.47142;609;27;837.8434;;;;;;;;
720;16;1243;137.208;32.46045;597;25;839.0594;;;;;;;;
721;16;1244;137.208;32.44949;606;26;840.2755;;;;;;;;
722;16;1245;137.208;32.43852;600;26;841.4918;;;;;;;;
723;16;1246;137.208;32.42756;594;25;842.7083;;;;;;;;
724;16;1247;137.208;32.41659;552;21;843.9249;;;;;;;;
725;16;1248;137.208;32.40562;573;23;845.1417;;;;;;;;
726;15;1249;137.195;32.39465;590;25;846.4443;;;;;;;;
727;15;1250;137.195;32.38368;582;24;847.6613;;;;;;;;
728;15;1251;137.195;32.3727;608;27;848.8785;;;;;;;;
729;15;1252;137.195;32.36173;617;27;850.0957;;;;;;;;
730;15;1253;137.195;32.35075;617;27;851.3132;;;;;;;;
731;15;1254;137.195;32.33978;603;26;852.5308;;;;;;;;
732;15;1255;137.195;32.3288;612;27;853.7486;;;;;;;;
733;15;1256;137.195;32.31782;614;27;854.9665;;;;;;;;
734;15;1257;137.195;32.30684;615;27;856.1845;;;;;;;;
735;15;1258;137.195;32.29585;613;27;857.4028;;;;;;;;
736;15;1259;137.195;32.28487;614;27;858.6212;;;;;;;;
737;15;1260;137.195;32.27388;611;27;859.8397;;;;;;;;
738;15;1261;137.195;32.2629;612;27;861.0584;;;;;;;;
739;15;1262;137.195;32.25191;610;27;862.2773;;;;;;;;
740;14;1263;137.182;32.24092;612;27;863.582;;;;;;;;
741;14;1264;137.182;32.22993;616;27;864.8011;;;;;;;;
742;14;1265;137.182;32.21894;612;27;866.0203;;;;;;;;
743;14;1266;137.182;32.20794;611;27;867.2396;;;;;;;;
744;14;1267;137.182;32.19695;602;26;868.4592;;;;;;;;
745;14;1268;137.182;32.18595;565;22;869.6788;;;;;;;;
746;14;1269;137.182;32.17495;571;23;870.8987;;;;;;;;
747;14;1270;137.182;32.16396;592;25;872.1187;;;;;;;;
748;14;1271;137.182;32.15296;601;26;873.3388;;;;;;;;
749;14;1272;137.182;32.14195;602;26;874.5591;;;;;;;;
750;14;1273;137.182;32.13095;613;27;875.7796;;;;;;;;
751;14;1274;137.182;32.11995;609;27;877.0002;;;;;;;;
752;14;1275;137.182;32.10894;606;26;878.2209;;;;;;;;
753;13;1276;137.169;32.09794;614;27;879.5278;;;;;;;;
754;13;1277;137.169;32.08693;614;27;880.7487;;;;;;;;
755;13;1278;137.169;32.07592;603;26;881.9699;;;;;;;;
756;13;1279;137.169;32.06491;597;25;883.1911;;;;;;;;
757;13;1280;137.169;32.0539;601;26;884.4126;;;;;;;;
758;13;1281;137.169;32.04288;610;27;885.6342;;;;;;;;
759;13;1282;137.169;32.03187;611;27;886.8559;;;;;;;;
760;13;1283;137.169;32.02085;607;26;888.0778;;;;;;;;
761;13;1284;137.169;32.00983;608;27;889.2999;;;;;;;;
762;13;1285;137.169;31.99882;596;25;890.5221;;;;;;;;
763;13;1286;137.169;31.9878;604;26;891.7444;;;;;;;;
764;13;1287;137.169;31.97677;598;26;892.967;;;;;;;;
765;13;1288;137.169;31.96575;605;26;894.1896;;;;;;;;
766;13;1289;137.169;31.95473;593;25;895.4125;;;;;;;;
767;12;1290;137.156;31.9437;594;25;896.7214;;;;;;;;
768;12;1291;137.156;31.93268;608;27;897.9444;;;;;;;;
769;12;1292;137.156;31.92165;613;27;899.1676;;;;;;;;
770;12;1293;137.156;31.91062;611;27;900.391;;;;;;;;
771;12;1294;137.156;31.89959;600;26;901.6145;;;;;;;;
772;12;1295;137.156;31.88856;598;26;902.8381;;;;;;;;
773;12;1296;137.156;31.87752;610;27;904.0619;;;;;;;;
774;12;1297;137.156;31.86649;612;27;905.2859;;;;;;;;
775;12;1298;137.156;31.85545;611;27;906.51;;;;;;;;
776;12;1299;137.156;31.84442;610;27;907.7343;;;;;;;;
777;12;1300;137.156;31.83338;611;27;908.9587;;;;;;;;
778;12;1301;137.156;31.82234;607;26;910.1833;;;;;;;;
779;12;1302;137.156;31.8113;598;26;911.408;;;;;;;;
780;11;1303;137.143;31.80025;582;24;912.719;;;;;;;;
781;11;1304;137.143;31.78921;564;22;913.9439;;;;;;;;
782;11;1305;137.143;31.77817;575;23;915.169;;;;;;;;
783;11;1306;137.143;31.76712;604;26;916.3943;;;;;;;;
784;11;1307;137.143;31.75607;592;25;917.6197;;;;;;;;
785;11;1308;137.143;31.74502;597;25;918.8452;;;;;;;;
786;11;1309;137.143;31.73397;602;26;920.0709;;;;;;;;
787;11;1310;137.143;31.72292;611;27;921.2968;;;;;;;;
788;11;1311;137.143;31.71187;610;27;922.5228;;;;;;;;
789;11;1312;137.143;31.70081;608;27;923.749;;;;;;;;
790;11;1313;137.143;31.68976;609;27;924.9753;;;;;;;;
791;11;1314;137.143;31.6787;599;26;926.2018;;;;;;;;
792;11;1315;137.143;31.66764;603;26;927.4285;;;;;;;;
793;11;1316;137.143;31.65658;607;26;928.6552;;;;;;;;
794;10;1317;137.13;31.64552;593;25;929.9683;;;;;;;;
795;10;1318;137.13;31.63446;579;24;931.1953;;;;;;;;
796;10;1319;137.13;31.6234;600;26;932.4224;;;;;;;;
797;10;1320;137.13;31.61233;613;27;933.6497;;;;;;;;
798;10;1321;137.13;31.60127;615;27;934.8772;;;;;;;;
799;10;1322;137.13;31.5902;609;27;936.1048;;;;;;;;
800;10;1323;137.13;31.57913;594;25;937.3326;;;;;;;;
801;10;1324;137.13;31.56806;596;25;938.5605;;;;;;;;
802;10;1325;137.13;31.55699;614;27;939.7886;;;;;;;;
803;10;1326;137.13;31.54592;619;28;941.0168;;;;;;;;
804;10;1327;137.13;31.53484;616;27;942.2452;;;;;;;;
805;10;1328;137.13;31.52377;606;26;943.4737;;;;;;;;
806;10;1329;137.13;31.51269;618;28;944.7024;;;;;;;;
807;9;1330;137.117;31.50161;622;28;946.0174;;;;;;;;
808;9;1331;137.117;31.49053;622;28;947.2463;;;;;;;;
809;9;1332;137.117;31.47945;620;28;948.4754;;;;;;;;
810;9;1333;137.117;31.46837;621;28;949.7046;;;;;;;;
811;9;1334;137.117;31.45729;622;28;950.9339;;;;;;;;
812;9;1335;137.117;31.4462;621;28;952.1634;;;;;;;;
813;9;1336;137.117;31.43512;622;28;953.3931;;;;;;;;
814;9;1337;137.117;31.42403;618;28;954.6229;;;;;;;;
815;9;1338;137.117;31.41294;608;27;955.8529;;;;;;;;
816;9;1339;137.117;31.40185;609;27;957.083;;;;;;;;
817;9;1340;137.117;31.39076;614;27;958.3133;;;;;;;;
818;9;1341;137.117;31.37967;614;27;959.5437;;;;;;;;
819;9;1342;137.117;31.36857;617;27;960.7743;;;;;;;;
820;9;1343;137.117;31.35748;619;28;962.005;;;;;;;;
821;8;1344;137.104;31.34638;620;28;963.3221;;;;;;;;
822;8;1345;137.104;31.33529;619;28;964.5531;;;;;;;;
823;8;1346;137.104;31.32419;621;28;965.7841;;;;;;;;
824;8;1347;137.104;31.31309;621;28;967.0154;;;;;;;;
825;8;1348;137.104;31.30199;621;28;968.2468;;;;;;;;
826;8;1349;137.104;31.29088;620;28;969.4783;;;;;;;;
827;8;1350;137.104;31.27978;619;28;970.71;;;;;;;;
828;8;1351;137.104;31.26867;619;28;971.9419;;;;;;;;
829;8;1352;137.104;31.25757;618;28;973.1739;;;;;;;;
830;8;1353;137.104;31.24646;617;27;974.4061;;;;;;;;
831;8;1354;137.104;31.23535;618;28;975.6384;;;;;;;;
832;8;1355;137.104;31.22424;608;27;976.8708;;;;;;;;
833;8;1356;137.104;31.21313;612;27;978.1035;;;;;;;;
834;7;1357;137.091;31.20201;601;26;979.4226;;;;;;;;
835;7;1358;137.091;31.1909;616;27;980.6554;;;;;;;;
836;7;1359;137.091;31.17978;618;28;981.8884;;;;;;;;
837;7;1360;137.091;31.16866;607;26;983.1215;;;;;;;;
838;7;1361;137.091;31.15755;601;26;984.3548;;;;;;;;
839;7;1362;137.091;31.14643;615;27;985.5882;;;;;;;;
840;7;1363;137.091;31.13531;617;27;986.8218;;;;;;;;
841;7;1364;137.091;31.12418;617;27;988.0556;;;;;;;;
842;7;1365;137.091;31.11306;617;27;989.2894;;;;;;;;
843;7;1366;137.091;31.10193;612;27;990.5235;;;;;;;;
844;7;1367;137.091;31.09081;616;27;991.7577;;;;;;;;
845;7;1368;137.091;31.07968;617;27;992.992;;;;;;;;
846;7;1369;137.091;31.06855;619;28;994.2265;;;;;;;;
847;6;1370;137.078;31.05742;617;27;995.5477;;;;;;;;
848;6;1371;137.078;31.04629;617;27;996.7824;;;;;;;;
849;6;1372;137.078;31.03516;619;28;998.0172;;;;;;;;
850;6;1373;137.078;31.02402;618;28;999.2522;;;;;;;;
851;6;1374;137.078;31.01289;616;27;1000.487;;;;;;;;
852;6;1375;137.078;31.00175;616;27;1001.723;;;;;;;;
853;6;1376;137.078;30.99061;613;27;1002.958;;;;;;;;
854;6;1377;137.078;30.97947;613;27;1004.194;;;;;;;;
855;6;1378;137.078;30.96833;611;27;1005.43;;;;;;;;
856;6;1379;137.078;30.95719;612;27;1006.665;;;;;;;;
857;6;1380;137.078;30.94605;610;27;1007.902;;;;;;;;
858;6;1381;137.078;30.9349;610;27;1009.138;;;;;;;;
859;6;1382;137.078;30.92376;609;27;1010.374;;;;;;;;
860;6;1383;137.078;30.91261;611;27;1011.611;;;;;;;;
861;5;1384;137.065;30.90146;610;27;1012.934;;;;;;;;
862;5;1385;137.065;30.89031;611;27;1014.171;;;;;;;;
863;5;1386;137.065;30.87916;611;27;1015.407;;;;;;;;
864;5;1387;137.065;30.86801;611;27;1016.645;;;;;;;;
865;5;1388;137.065;30.85685;611;27;1017.882;;;;;;;;
866;5;1389;137.065;30.8457;610;27;1019.119;;;;;;;;
867;5;1390;137.065;30.83454;613;27;1020.357;;;;;;;;
868;5;1391;137.065;30.82339;614;27;1021.594;;;;;;;;
869;5;1392;137.065;30.81223;614;27;1022.832;;;;;;;;
870;5;1393;137.065;30.80107;614;27;1024.07;;;;;;;;
871;5;1394;137.065;30.78991;615;27;1025.308;;;;;;;;
872;5;1395;137.065;30.77874;617;27;1026.546;;;;;;;;
873;5;1396;137.065;30.76758;618;28;1027.785;;;;;;;;
874;4;1397;137.052;30.75641;621;28;1029.11;;;;;;;;
875;4;1398;137.052;30.74525;620;28;1030.348;;;;;;;;
876;4;1399;137.052;30.73408;621;28;1031.587;;;;;;;;
877;4;1400;137.052;30.72291;619;28;1032.826;;;;;;;;
878;4;1401;137.052;30.71174;623;28;1034.065;;;;;;;;
879;4;1402;137.052;30.70057;625;28;1035.304;;;;;;;;
880;4;1403;137.052;30.68939;627;28;1036.544;;;;;;;;
881;4;1404;137.052;30.67822;623;28;1037.783;;;;;;;;
882;4;1405;137.052;30.66704;624;28;1039.023;;;;;;;;
883;4;1406;137.052;30.65587;610;27;1040.263;;;;;;;;
884;4;1407;137.052;30.64469;600;26;1041.503;;;;;;;;
885;4;1408;137.052;30.63351;617;27;1042.743;;;;;;;;
886;4;1409;137.052;30.62233;611;27;1043.983;;;;;;;;
887;4;1410;137.052;30.61115;596;25;1045.223;;;;;;;;
888;3;1411;137.039;30.59996;609;27;1046.551;;;;;;;;
889;3;1412;137.039;30.58878;614;27;1047.791;;;;;;;;
890;3;1413;137.039;30.57759;619;28;1049.032;;;;;;;;
891;3;1414;137.039;30.5664;623;28;1050.273;;;;;;;;
892;3;1415;137.039;30.55522;616;27;1051.514;;;;;;;;
893;3;1416;137.039;30.54403;614;27;1052.755;;;;;;;;
894;3;1417;137.039;30.53284;620;28;1053.997;;;;;;;;
895;3;1418;137.039;30.52164;618;28;1055.238;;;;;;;;
896;3;1419;137.039;30.51045;621;28;1056.48;;;;;;;;
897;3;1420;137.039;30.49925;612;27;1057.722;;;;;;;;
898;3;1421;137.039;30.48806;600;26;1058.964;;;;;;;;
899;3;1422;137.039;30.47686;614;27;1060.206;;;;;;;;
900;3;1423;137.039;30.46566;615;27;1061.448;;;;;;;;
901;2;1424;137.026;30.45446;605;26;1062.777;;;;;;;;
902;2;1425;137.026;30.44326;602;26;1064.02;;;;;;;;
903;2;1426;137.026;30.43206;610;27;1065.262;;;;;;;;
904;2;1427;137.026;30.42085;607;26;1066.505;;;;;;;;
905;2;1428;137.026;30.40965;594;25;1067.748;;;;;;;;
906;2;1429;137.026;30.39844;603;26;1068.991;;;;;;;;
907;2;1430;137.026;30.38723;602;26;1070.234;;;;;;;;
908;2;1431;137.026;30.37602;611;27;1071.478;;;;;;;;
909;2;1432;137.026;30.36481;614;27;1072.721;;;;;;;;
910;2;1433;137.026;30.3536;613;27;1073.965;;;;;;;;
911;2;1434;137.026;30.34239;607;26;1075.209;;;;;;;;
912;2;1435;137.026;30.33117;603;26;1076.453;;;;;;;;
913;2;1436;137.026;30.31996;538;20;1077.697;;;;;;;;
914;2;1437;137.026;30.30874;561;22;1078.941;;;;;;;;
915;1;1438;137.013;30.29752;603;26;1080.272;;;;;;;;
916;1;1439;137.013;30.2863;620;28;1081.517;;;;;;;;
917;1;1440;137.013;30.27508;623;28;1082.762;;;;;;;;
918;1;1441;137.013;30.26386;622;28;1084.006;;;;;;;;
919;1;1442;137.013;30.25264;611;27;1085.251;;;;;;;;
920;1;1443;137.013;30.24141;597;25;1086.496;;;;;;;;
921;1;1444;137.013;30.23019;615;27;1087.742;;;;;;;;
922;1;1445;137.013;30.21896;623;28;1088.987;;;;;;;;
923;1;1446;137.013;30.20773;625;28;1090.232;;;;;;;;
924;1;1447;137.013;30.1965;627;28;1091.478;;;;;;;;
925;1;1448;137.013;30.18527;625;28;1092.724;;;;;;;;
926;1;1449;137.013;30.17404;620;28;1093.97;;;;;;;;
927;1;1450;137.013;30.16281;617;27;1095.216;;;;;;;;
928;0;1451;137;30.15157;624;28;1096.549;;;;;;;;
929;0;1452;137;30.14033;626;28;1097.796;;;;;;;;
930;0;1453;137;30.1291;626;28;1099.042;;;;;;;;
931;0;1454;137;30.11786;626;28;1100.289;;;;;;;;
932;0;1455;137;30.10662;625;28;1101.535;;;;;;;;
933;0;1456;137;30.09538;625;28;1102.782;;;;;;;;
934;0;1457;137;30.08413;624;28;1104.03;;;;;;;;
935;0;1458;137;30.07289;625;28;1105.277;;;;;;;;
936;0;1459;137;30.06165;624;28;1106.524;;;;;;;;
937;0;1460;137;30.0504;624;28;1107.772;;;;;;;;
938;0;1461;137;30.03915;624;28;1109.019;;;;;;;;
939;0;1462;137;30.0279;624;28;1110.267;;;;;;;;
940;0;1463;137;30.01665;621;28;1111.515;;;;;;;;
941;0;1464;137;30.0054;621;28;1112.763;;;;;;;;
